{
  "loss_history": [
    0.08444606512784958,
    0.07814913988113403,
    0.07211646437644958,
    0.06634723395109177,
    0.060840487480163574,
    0.055595140904188156,
    0.05060994625091553,
    0.045883502811193466,
    0.04141420125961304,
    0.037200234830379486,
    0.03323955461382866,
    0.029529854655265808,
    0.0260685496032238,
    0.022852715104818344,
    0.019879009574651718,
    0.01714356802403927,
    0.014641969464719296,
    0.012369204312562943,
    0.010319670662283897,
    0.008487153798341751,
    0.006864852271974087,
    0.0054453397169709206,
    0.004220531787723303,
    0.0031816139817237854,
    0.002318944316357374,
    0.001621918985620141,
    0.0010787365026772022,
    0.0006760519463568926,
    0.00039836892392486334,
    0.0002271124831167981,
    0.00013897166354581714,
    0.00010352593380957842,
    8.491158951073885e-05,
    6.850076897535473e-05,
    5.411161691881716e-05,
    4.171273758402094e-05,
    3.12531556119211e-05,
    2.26711381401401e-05,
    1.584043275215663e-05,
    1.058202178683132e-05,
    6.692483111692127e-06,
    3.948130597564159e-06,
    2.1216424102021847e-06,
    1.0038741038442822e-06,
    3.8765296039855457e-07,
    1.0232984948288504e-07,
    9.791568444939003e-09,
    0.0,
    0.0,
    0.0,
    0.0,
    0.0,
    0.0,
    0.0,
    0.0,
    0.0,
    0.0,
    0.0,
    0.0,
    0.0,
    0.0,
    0.0,
    0.0,
    0.0,
    0.0,
    0.0,
    0.0,
    0.0,
    0.0,
    0.0,
    0.0,
    0.0,
    0.0,
    0.0,
    0.0,
    0.0,
    0.0,
    0.0,
    0.0,
    0.0,
    0.0,
    0.0,
    0.0,
    0.0,
    0.0,
    0.0,
    0.0,
    0.0,
    0.0,
    0.0,
    0.0,
    0.0,
    0.0,
    0.0,
    0.0,
    0.0,
    0.0,
    0.0,
    0.0,
    0.0
  ],
  "final_loss": 0.0,
  "iterations": 100,
  "scene": "layered",
  "rays_per_pixel": 16
}