{
  "loss_history": [
    0.08462744951248169,
    0.07832562923431396,
    0.07228802889585495,
    0.06651380658149719,
    0.06100202351808548,
    0.05575159192085266,
    0.050761282444000244,
    0.04602966830134392,
    0.041555166244506836,
    0.03733596205711365,
    0.033370014280080795,
    0.02965502068400383,
    0.02618839591741562,
    0.022967224940657616,
    0.019988160580396652,
    0.017247360199689865,
    0.014740405604243279,
    0.012462291866540909,
    0.010407419875264168,
    0.008569594472646713,
    0.006942014209926128,
    0.005517244338989258,
    0.004287189804017544,
    0.003243034239858389,
    0.002375111449509859,
    0.0016727526672184467,
    0.0011241205502301455,
    0.0007158700609579682,
    0.000432568573160097,
    0.0002556474646553397,
    0.00016194733325392008,
    0.00012163022620370612,
    9.960030729416758e-05,
    8.028683078009635e-05,
    6.338528328342363e-05,
    4.886288661509752e-05,
    3.663477400550619e-05,
    2.659375240909867e-05,
    1.8581275071483105e-05,
    1.2398562830640003e-05,
    7.817993719072547e-06,
    4.5887027226854116e-06,
    2.441645847284235e-06,
    1.1231684311496792e-06,
    4.1110999404736503e-07,
    9.641227904921834e-08,
    7.176510052886442e-09,
    0.0,
    0.0,
    0.0,
    0.0,
    0.0,
    0.0,
    0.0,
    0.0,
    0.0,
    0.0,
    0.0,
    0.0,
    0.0,
    0.0,
    0.0,
    0.0,
    0.0,
    0.0,
    0.0,
    0.0,
    0.0,
    0.0,
    0.0,
    0.0,
    0.0,
    0.0,
    0.0,
    0.0,
    0.0,
    0.0,
    0.0,
    0.0,
    0.0,
    0.0,
    0.0,
    0.0,
    0.0,
    0.0,
    0.0,
    0.0,
    0.0,
    0.0,
    0.0,
    0.0,
    0.0,
    0.0,
    0.0,
    0.0,
    0.0,
    0.0,
    0.0,
    0.0,
    0.0
  ],
  "final_loss": 0.0,
  "iterations": 100,
  "scene": "basic",
  "rays_per_pixel": 16
}