{
  "loss_history": [
    0.33727511763572693,
    0.3245058059692383,
    0.3120022416114807,
    0.2997640371322632,
    0.287790983915329,
    0.2760826647281647,
    0.2646387219429016,
    0.2534586191177368,
    0.24254199862480164,
    0.23188821971416473,
    0.22149670124053955,
    0.21136677265167236,
    0.20149771869182587,
    0.1918887346982956,
    0.1825389713048935,
    0.17344753444194794,
    0.16461342573165894,
    0.15603558719158173,
    0.14771291613578796,
    0.13964417576789856,
    0.13182809948921204,
    0.12426334619522095,
    0.11694847047328949,
    0.10988198220729828,
    0.10306225717067719,
    0.09648764133453369,
    0.09015636891126633,
    0.08406659215688705,
    0.07821635156869888,
    0.07260363548994064,
    0.06722628325223923,
    0.06208207830786705,
    0.057168684899806976,
    0.05248366296291351,
    0.0480244979262352,
    0.04378855228424072,
    0.039773114025592804,
    0.03597536310553551,
    0.03239238262176514,
    0.029021156951785088,
    0.025858566164970398,
    0.0229013841599226,
    0.02014627866446972,
    0.017589783295989037,
    0.015228314325213432,
    0.013058144599199295,
    0.011075390502810478,
    0.009275982156395912,
    0.00765566248446703,
    0.006209920160472393,
    0.0049339281395077705,
    0.0038225208409130573,
    0.002870112657546997,
    0.002070605754852295,
    0.0014172266237437725,
    0.0009023472084663808,
    0.0005170837976038456,
    0.00025063412613235414,
    8.947957394411787e-05,
    1.5348545275628567e-05,
    4.4582474600929345e-08,
    0.0,
    0.0,
    0.0,
    0.0,
    0.0,
    0.0,
    0.0,
    0.0,
    0.0,
    0.0,
    0.0,
    0.0,
    0.0,
    0.0,
    0.0,
    0.0,
    0.0,
    0.0,
    0.0,
    0.0,
    0.0,
    0.0,
    0.0,
    0.0,
    0.0,
    0.0,
    0.0,
    0.0,
    0.0,
    0.0,
    0.0,
    0.0,
    0.0,
    0.0,
    0.0,
    0.0,
    0.0,
    0.0,
    0.0
  ],
  "final_loss": 0.0,
  "iterations": 100,
  "scene": "spherical_checkerboard",
  "rays_per_pixel": 16
}