{
  "loss_history": [
    0.11680605262517929,
    0.10921429842710495,
    0.10513107478618622,
    0.09505455195903778,
    0.08725538104772568,
    0.08323785662651062,
    0.07764914631843567,
    0.0755588561296463,
    0.07183322310447693,
    0.0699688270688057,
    0.06292678415775299,
    0.06013595312833786,
    0.06459849327802658,
    0.056506138294935226,
    0.05206608027219772,
    0.050155818462371826,
    0.0512552373111248,
    0.04686065763235092,
    0.04944438859820366,
    0.04656031355261803,
    0.04852331429719925,
    0.04089100658893585,
    0.04295886680483818,
    0.04194020852446556,
    0.03843408077955246,
    0.040545664727687836,
    0.04082486033439636,
    0.04788973927497864,
    0.0404256172478199,
    0.04974132031202316,
    0.03677663952112198,
    0.035705890506505966,
    0.037052303552627563,
    0.04625668376684189,
    0.036162205040454865,
    0.044773124158382416,
    0.03753839433193207,
    0.03595685213804245,
    0.04103913530707359,
    0.03586801141500473,
    0.03180830553174019,
    0.03474348783493042,
    0.03313308209180832,
    0.04581771790981293,
    0.03215273469686508,
    0.038216929882764816,
    0.0407409742474556,
    0.035293690860271454,
    0.03077482245862484,
    0.02845783345401287
  ],
  "final_loss": 0.02845783345401287,
  "iterations": 50,
  "resolution": 128,
  "optimization_type": "actual_ray_tracing"
}